Workbook

Sheet Base
A1: Código | B1: Nome do Produto | C1: Descrição | D1: Tipo de Produto | E1: Estoque Mínimo | F1: Valor Unitário (R$) | G1: Fornecedor | H1: Localização
A2: P001 | B2: Parafuso M6 | C2: Parafuso sextavado 6mm | D2: Fixação | E2: 100 | F2: 0.5 | G2: Parafusos Brasil | H2: A1
A3: P002 | B3: Tinta Branca 18L | C3: Tinta acrílica branca | D3: Pintura | E3: 10 | F3: 85 | G3: Tintas Color | H3: B3
A4: P003 | B4: Lixa Grão 100 | C4: Lixa para madeira | D4: Acabamento | E4: 50 | F4: 2.3 | G4: Abrasivos Sul | H4: C2
A5: P004 | B5: Cola PVA 1kg | C5: Cola branca uso geral | D5: Adesivos | E5: 20 | F5: 12.5 | G5: Química ABC | H5: A2
A6: P005 | B6: Prego 2x12 | C6: Prego comum aço | D6: Fixação | E6: 200 | F6: 0.25 | G6: Ferro Forte | H6: A1
A7: P006 | B7: Verniz 900ml | C7: Verniz marítimo | D7: Acabamento | E7: 15 | F7: 34.9 | G7: Tintas Color | H7: B2
A8: P007 | B8: Broca 6mm | C8: Broca aço rápido | D8: Ferramentas | E8: 25 | F8: 8.75 | G8: Ferramentas Pro | H8: D1
A9: P008 | B9: Fita Crepe 50m | C9: Fita adesiva papel | D9: Materiais | E9: 30 | F9: 6.8 | G9: Adesivos Total | H9: C1

Sheet Entradas
A1: Data da Entrada | B1: Documento (Nota Fiscal / Nº de Compra) | C1: Produto / Material | D1: Quantidade | E1: Valor Unitário de Compra (R$) | F1: Valor Total (R$)
A2: 10/01/2026 | B2: NF-12345 | C2: P001 | D2: 500 | E2: 0.48 | F2: =D2*E2
A3: 12/01/2026 | B3: NF-12347 | C3: P002 | D3: 50 | E3: 82 | F3: =D3*E3
A4: 14/01/2026 | B4: NF-12350 | C4: P003 | D4: 200 | E4: 2.2 | F4: =D4*E4
A5: 16/01/2026 | B5: NF-12355 | C5: P004 | D5: 100 | E5: 12 | F5: =D5*E5
A6: 19/01/2026 | B6: NF-12360 | C6: P005 | D6: 1000 | E6: 0.23 | F6: =D6*E6
A7: 21/01/2026 | B7: NF-12365 | C7: P006 | D7: 30 | E7: 33.5 | F7: =D7*E7
A8: 24/01/2026 | B8: NF-12370 | C8: P007 | D8: 50 | E8: 8.5 | F8: =D8*E8
A9: 27/01/2026 | B9: NF-12375 | C9: P001 | D9: 300 | E9: 0.5 | F9: =D9*E9
A10: 29/01/2026 | B10: NF-12380 | C10: P008 | D10: 100 | E10: 6.5 | F10: =D10*E10

Sheet Saídas
A1: Data da Saída | B1: Produto / Material | C1: Quantidade Retirada | D1: Motivo da Saída
A2: 11/01/2026 | B2: P001 | C2: 150 | D2: Uso em produção
A3: 13/01/2026 | B3: P003 | C3: 80 | D3: Acabamento produto X
A4: 15/01/2026 | B4: P002 | C4: 5 | D4: Pintura setor B
A5: 17/01/2026 | B5: P004 | C5: 35 | D5: Montagem
A6: 20/01/2026 | B6: P005 | C6: 450 | D6: Uso em produção
A7: 22/01/2026 | B7: P001 | C7: 200 | D7: Venda cliente
A8: 25/01/2026 | B8: P006 | C8: 8 | D8: Acabamento final
A9: 28/01/2026 | B9: P007 | C9: 12 | D9: Manutenção
A10: 30/01/2026 | B10: P008 | C10: 45 | D10: Embalagem

Sheet Estoque Atual
A1: Produto / Material | B1: Estoque Inicial | C1: Total de Entradas | D1: Total de Saídas | E1: Saldo Atual
A2: P001 | B2: 0 | C2: =SUMIF(Entradas!C:C,A2,Entradas!D:D) | D2: =SUMIF(Saídas!B:B,A2,Saídas!C:C) | E2: =B2+C2-D2
A3: P002 | B3: 0 | C3: =SUMIF(Entradas!C:C,A3,Entradas!D:D) | D3: =SUMIF(Saídas!B:B,A3,Saídas!C:C) | E3: =B3+C3-D3
A4: P003 | B4: 0 | C4: =SUMIF(Entradas!C:C,A4,Entradas!D:D) | D4: =SUMIF(Saídas!B:B,A4,Saídas!C:C) | E4: =B4+C4-D4
A5: P004 | B5: 0 | C5: =SUMIF(Entradas!C:C,A5,Entradas!D:D) | D5: =SUMIF(Saídas!B:B,A5,Saídas!C:C) | E5: =B5+C5-D5
A6: P005 | B6: 0 | C6: =SUMIF(Entradas!C:C,A6,Entradas!D:D) | D6: =SUMIF(Saídas!B:B,A6,Saídas!C:C) | E6: =B6+C6-D6
A7: P006 | B7: 0 | C7: =SUMIF(Entradas!C:C,A7,Entradas!D:D) | D7: =SUMIF(Saídas!B:B,A7,Saídas!C:C) | E7: =B7+C7-D7
A8: P007 | B8: 0 | C8: =SUMIF(Entradas!C:C,A8,Entradas!D:D) | D8: =SUMIF(Saídas!B:B,A8,Saídas!C:C) | E8: =B8+C8-D8
A9: P008 | B9: 0 | C9: =SUMIF(Entradas!C:C,A9,Entradas!D:D) | D9: =SUMIF(Saídas!B:B,A9,Saídas!C:C) | E9: =B9+C9-D9

Sheet Estoque Crítico
A1: Nome do Produto | B1: Estoque Atual | C1: Estoque Mínimo | D1: Status (Ex.: 'Repor' / 'OK')
A2: =Base!B2 | B2: =VLOOKUP(Base!A2,"Estoque Atual"!A:E,5,FALSE) | C2: =Base!E2 | D2: =IF(B2<C2,"⚠️ REPOR","✓ OK")
A3: =Base!B3 | B3: =VLOOKUP(Base!A3,"Estoque Atual"!A:E,5,FALSE) | C3: =Base!E3 | D3: =IF(B3<C3,"⚠️ REPOR","✓ OK")
A4: =Base!B4 | B4: =VLOOKUP(Base!A4,"Estoque Atual"!A:E,5,FALSE) | C4: =Base!E4 | D4: =IF(B4<C4,"⚠️ REPOR","✓ OK")
A5: =Base!B5 | B5: =VLOOKUP(Base!A5,"Estoque Atual"!A:E,5,FALSE) | C5: =Base!E5 | D5: =IF(B5<C5,"⚠️ REPOR","✓ OK")
A6: =Base!B6 | B6: =VLOOKUP(Base!A6,"Estoque Atual"!A:E,5,FALSE) | C6: =Base!E6 | D6: =IF(B6<C6,"⚠️ REPOR","✓ OK")
A7: =Base!B7 | B7: =VLOOKUP(Base!A7,"Estoque Atual"!A:E,5,FALSE) | C7: =Base!E7 | D7: =IF(B7<C7,"⚠️ REPOR","✓ OK")
A8: =Base!B8 | B8: =VLOOKUP(Base!A8,"Estoque Atual"!A:E,5,FALSE) | C8: =Base!E8 | D8: =IF(B8<C8,"⚠️ REPOR","✓ OK")
A9: =Base!B9 | B9: =VLOOKUP(Base!A9,"Estoque Atual"!A:E,5,FALSE) | C9: =Base!E9 | D9: =IF(B9<C9,"⚠️ REPOR","✓ OK")
